Section_Number,Section_Name,Module_Number,Module_Name,Sub_Section_Name
1,Quantitative Methods,1,Basics of Multiple Regression and Underlying Assumptions,Introduction
1,Quantitative Methods,1,Basics of Multiple Regression and Underlying Assumptions,Uses of Multiple Linear Regression
1,Quantitative Methods,1,Basics of Multiple Regression and Underlying Assumptions,The Basics of Multiple Regression
1,Quantitative Methods,1,Basics of Multiple Regression and Underlying Assumptions,Assumptions Underlying Multiple Linear Regression
1,Quantitative Methods,1,Basics of Multiple Regression and Underlying Assumptions,Questions
1,Quantitative Methods,2,Evaluating Regression Model Fit and Interpreting Model Results,Introduction
1,Quantitative Methods,2,Evaluating Regression Model Fit and Interpreting Model Results,Goodness of Fit
1,Quantitative Methods,2,Evaluating Regression Model Fit and Interpreting Model Results,Testing Joint Hypotheses for Coefficients
1,Quantitative Methods,2,Evaluating Regression Model Fit and Interpreting Model Results,Forecasting Using Multiple Regression
1,Quantitative Methods,2,Evaluating Regression Model Fit and Interpreting Model Results,Questions
1,Quantitative Methods,3,Model Misspecification,Introduction
1,Quantitative Methods,3,Model Misspecification,Model Specification Errors
1,Quantitative Methods,3,Model Misspecification,Misspecified Functional Form
1,Quantitative Methods,3,Model Misspecification,Violations of Regression Assumptions: Heteroskedasticity
1,Quantitative Methods,3,Model Misspecification,Violations of Regression Assumptions: Serial Correlation
1,Quantitative Methods,3,Model Misspecification,Violations of Regression Assumptions: Multicollinearity
1,Quantitative Methods,3,Model Misspecification,Questions
1,Quantitative Methods,4,Extensions of Multiple Regression,Introduction
1,Quantitative Methods,4,Extensions of Multiple Regression,Influence Analysis
1,Quantitative Methods,4,Extensions of Multiple Regression,Dummy Variables in a Multiple Linear Regression
1,Quantitative Methods,4,Extensions of Multiple Regression,Multiple Linear Regression with Qualitative Dependent Variables
1,Quantitative Methods,4,Extensions of Multiple Regression,Questions
1,Quantitative Methods,5,Time-Series Analysis,Introduction
1,Quantitative Methods,5,Time-Series Analysis,Linear Trend Models
1,Quantitative Methods,5,Time-Series Analysis,Log-Linear Trend Models
1,Quantitative Methods,5,Time-Series Analysis,Trend Models and Testing for Correlated Errors
1,Quantitative Methods,5,Time-Series Analysis,AR Time-Series Models and Covariance-Stationary Series
1,Quantitative Methods,5,Time-Series Analysis,Detecting Serially Correlated Errors in an AR Model
1,Quantitative Methods,5,Time-Series Analysis,Mean Reversion and Multiperiod Forecasts
1,Quantitative Methods,5,Time-Series Analysis,Comparing Forecast Model Performance
1,Quantitative Methods,5,Time-Series Analysis,Instability of Regression Coefficients
1,Quantitative Methods,5,Time-Series Analysis,Random Walks
1,Quantitative Methods,5,Time-Series Analysis,The Unit Root Test of Nonstationarity
1,Quantitative Methods,5,Time-Series Analysis,Moving-Average Time-Series Models
1,Quantitative Methods,5,Time-Series Analysis,Seasonality in Time-Series Models
1,Quantitative Methods,5,Time-Series Analysis,AR Moving-Average Models and ARCH Models
1,Quantitative Methods,5,Time-Series Analysis,Regressions with More Than One Time Series
1,Quantitative Methods,5,Time-Series Analysis,Other Issues in Time Series
1,Quantitative Methods,5,Time-Series Analysis,Summary
1,Quantitative Methods,5,Time-Series Analysis,Questions
1,Quantitative Methods,6,Machine Learning,Introduction
1,Quantitative Methods,6,Machine Learning,What Is Machine Learning
1,Quantitative Methods,6,Machine Learning,Evaluating ML Algorithm Performance
1,Quantitative Methods,6,Machine Learning,Supervised ML Algorithms: Penalized Regression
1,Quantitative Methods,6,Machine Learning,Support Vector Machine
1,Quantitative Methods,6,Machine Learning,K-Nearest Neighbor
1,Quantitative Methods,6,Machine Learning,Classification and Regression Tree
1,Quantitative Methods,6,Machine Learning,Ensemble Learning and Random Forest
1,Quantitative Methods,6,Machine Learning,Case Study: Classification of Winning and Losing Funds
1,Quantitative Methods,6,Machine Learning,Unsupervised ML Algorithms and Principal Component Analysis
1,Quantitative Methods,6,Machine Learning,Clustering
1,Quantitative Methods,6,Machine Learning,K-Means Clustering
1,Quantitative Methods,6,Machine Learning,Hierarchical Clustering
1,Quantitative Methods,6,Machine Learning,Case Study: Clustering Stocks Based on Co-Movement Similarity
1,Quantitative Methods,6,Machine Learning,"Neural Networks, Deep Learning Nets, and Reinforcement Learning"
1,Quantitative Methods,6,Machine Learning,Deep Neural Networks
1,Quantitative Methods,6,Machine Learning,Case Study: Deep Neural Network-Based Equity Factor Model
1,Quantitative Methods,6,Machine Learning,Choosing an Appropriate ML Algorithm
1,Quantitative Methods,6,Machine Learning,Summary
1,Quantitative Methods,6,Machine Learning,Questions
1,Quantitative Methods,7,Big Data Projects,Introduction
1,Quantitative Methods,7,Big Data Projects,Executing a Data Analysis Project
1,Quantitative Methods,7,Big Data Projects,Data Preparation and Wrangling
1,Quantitative Methods,7,Big Data Projects,Unstructured (Text) Data
1,Quantitative Methods,7,Big Data Projects,Data Exploration Objectives and Methods
1,Quantitative Methods,7,Big Data Projects,Unstructured Data: Text Exploration
1,Quantitative Methods,7,Big Data Projects,"Model Training, Structured vs. Unstructured Data, and Method Selection"
1,Quantitative Methods,7,Big Data Projects,Performance Evaluation
1,Quantitative Methods,7,Big Data Projects,Tuning
1,Quantitative Methods,7,Big Data Projects,Financial Forecasting Project
1,Quantitative Methods,7,Big Data Projects,Data Exploration
1,Quantitative Methods,7,Big Data Projects,Model Training
1,Quantitative Methods,7,Big Data Projects,Results and Interpretation
1,Quantitative Methods,7,Big Data Projects,Summary
1,Quantitative Methods,7,Big Data Projects,Questions
2,Economics,1,Currency Exchange Rates: Understanding Equilibrium Value,Introduction
2,Economics,1,Currency Exchange Rates: Understanding Equilibrium Value,Foreign Exchange Market Concepts
2,Economics,1,Currency Exchange Rates: Understanding Equilibrium Value,Arbitrage Constraints on Spot Exchange Rate Quotes
2,Economics,1,Currency Exchange Rates: Understanding Equilibrium Value,Forward Markets
2,Economics,1,Currency Exchange Rates: Understanding Equilibrium Value,The Mark-to-Market Value of a Forward Contract
2,Economics,1,Currency Exchange Rates: Understanding Equilibrium Value,International Parity Conditions
2,Economics,1,Currency Exchange Rates: Understanding Equilibrium Value,Covered and Uncovered Interest Rate Parity and Forward Rate Parity
2,Economics,1,Currency Exchange Rates: Understanding Equilibrium Value,Purchasing Power Parity
2,Economics,1,Currency Exchange Rates: Understanding Equilibrium Value,"The Fisher Effect, Real Interest Rate Parity, and International Parity Conditions"
2,Economics,1,Currency Exchange Rates: Understanding Equilibrium Value,The Carry Trade
2,Economics,1,Currency Exchange Rates: Understanding Equilibrium Value,The Impact of Balance of Payments Flows
2,Economics,1,Currency Exchange Rates: Understanding Equilibrium Value,Capital Flows
2,Economics,1,Currency Exchange Rates: Understanding Equilibrium Value,Monetary and Fiscal Policies
2,Economics,1,Currency Exchange Rates: Understanding Equilibrium Value,Exchange Rate Management: Intervention and Controls
2,Economics,1,Currency Exchange Rates: Understanding Equilibrium Value,Warning Signs of a Currency Crisis
2,Economics,1,Currency Exchange Rates: Understanding Equilibrium Value,Summary
2,Economics,1,Currency Exchange Rates: Understanding Equilibrium Value,Questions
2,Economics,2,Economic Growth,An Introduction to Growth in the Global Economy
2,Economics,2,Economic Growth,Factors Favoring and Limiting Economic Growth
2,Economics,2,Economic Growth,Why Potential Growth Matters to Investors
2,Economics,2,Economic Growth,Production Function and Growth Accounting
2,Economics,2,Economic Growth,Capital Deepening vs. Technological Progress
2,Economics,2,Economic Growth,Natural Resources
2,Economics,2,Economic Growth,Labor Supply
2,Economics,2,Economic Growth,"ICT, Non-ICT, and Technology and Public Infrastructure"
2,Economics,2,Economic Growth,Summary of Economic Growth Determinants
2,Economics,2,Economic Growth,Theories of Growth
2,Economics,2,Economic Growth,Implications of Neoclassical Model
2,Economics,2,Economic Growth,Extension of Neoclassical Model
2,Economics,2,Economic Growth,Endogenous Growth Model
2,Economics,2,Economic Growth,Convergence Hypotheses
2,Economics,2,Economic Growth,Growth in an Open Economy
2,Economics,2,Economic Growth,Summary
2,Economics,2,Economic Growth,Questions
3,Financial Statement Analysis,1,Intercorporate Investments,Introduction
3,Financial Statement Analysis,1,Intercorporate Investments,Basic Corporate Investment Categories
3,Financial Statement Analysis,1,Intercorporate Investments,Investments In Financial Assets: IFRS 9
3,Financial Statement Analysis,1,Intercorporate Investments,Investments In Associates And Joint Ventures
3,Financial Statement Analysis,1,Intercorporate Investments,"Amortization of Excess Purchase Price, Fair Value Option, and Impairment"
3,Financial Statement Analysis,1,Intercorporate Investments,Transactions with Associates and Disclosure
3,Financial Statement Analysis,1,Intercorporate Investments,Acquisition Method
3,Financial Statement Analysis,1,Intercorporate Investments,The Consolidation Process
3,Financial Statement Analysis,1,Intercorporate Investments,Financial Statement Presentation
3,Financial Statement Analysis,1,Intercorporate Investments,Variable Interest and Special Purpose Entities
3,Financial Statement Analysis,1,Intercorporate Investments,Additional Issues in Business Combinations That impair Comparability
3,Financial Statement Analysis,1,Intercorporate Investments,Summary
3,Financial Statement Analysis,1,Intercorporate Investments,Review and Assess
3,Financial Statement Analysis,2,Employee Compensation: Post-Employment and Share-Based,Introduction
3,Financial Statement Analysis,2,Employee Compensation: Post-Employment and Share-Based,Types of Employee Compensation
3,Financial Statement Analysis,2,Employee Compensation: Post-Employment and Share-Based,Financial Reporting for Share-Based Compensation
3,Financial Statement Analysis,2,Employee Compensation: Post-Employment and Share-Based,"Share-Based Compensation Tax and Share Count Effects, Note Disclosures"
3,Financial Statement Analysis,2,Employee Compensation: Post-Employment and Share-Based,Share-Based Compensation and Financial Statement Modeling
3,Financial Statement Analysis,2,Employee Compensation: Post-Employment and Share-Based,Financial Reporting for Post-Employment Benefits
3,Financial Statement Analysis,2,Employee Compensation: Post-Employment and Share-Based,Financial Modeling and Valuation Considerations for Post-Employment Benefits
3,Financial Statement Analysis,2,Employee Compensation: Post-Employment and Share-Based,Review and Assess
3,Financial Statement Analysis,3,Multinational Operations,Introduction
3,Financial Statement Analysis,3,Multinational Operations,Disclosures Related to Foreign Currency Transaction Gains and Losses
3,Financial Statement Analysis,3,Multinational Operations,Translation of Foreign Currency Financial Statements
3,Financial Statement Analysis,3,Multinational Operations,Translation Methods
3,Financial Statement Analysis,3,Multinational Operations,Illustration of Translation Methods
3,Financial Statement Analysis,3,Multinational Operations,Translation Analytical Issues
3,Financial Statement Analysis,3,Multinational Operations,Translation in an Hyperinflationary Economy
3,Financial Statement Analysis,3,Multinational Operations,Using Both Translation Methods
3,Financial Statement Analysis,3,Multinational Operations,Multinational Operations and a Company's Effective Tax Rate
3,Financial Statement Analysis,3,Multinational Operations,Additional Disclosures on the Effects of Foreign Currency
3,Financial Statement Analysis,3,Multinational Operations,Summary
3,Financial Statement Analysis,3,Multinational Operations,Review and Assess
3,Financial Statement Analysis,4,Analysis of Financial Institutions,Introduction
3,Financial Statement Analysis,4,Analysis of Financial Institutions,Analyzing a Bank: the CAMELS Approach
3,Financial Statement Analysis,4,Analysis of Financial Institutions,Analyzing a Bank: non-CAMELS Factors
3,Financial Statement Analysis,4,Analysis of Financial Institutions,Analyzing a Bank: Example of CAMELS Approach
3,Financial Statement Analysis,4,Analysis of Financial Institutions,Analyzing Property and Casualty Insurance Companies
3,Financial Statement Analysis,4,Analysis of Financial Institutions,Analyzing Life and Health Insurance Companies
3,Financial Statement Analysis,4,Analysis of Financial Institutions,Summary
3,Financial Statement Analysis,4,Analysis of Financial Institutions,Review and Assess
3,Financial Statement Analysis,4,Analysis of Financial Institutions,Real-World Applications: Bloomberg Intelligence: Banking
3,Financial Statement Analysis,5,Evaluating Quality of Financial Reports,Introduction
3,Financial Statement Analysis,5,Evaluating Quality of Financial Reports,Conceptual Framework
3,Financial Statement Analysis,5,Evaluating Quality of Financial Reports,Potential Problems
3,Financial Statement Analysis,5,Evaluating Quality of Financial Reports,Classification
3,Financial Statement Analysis,5,Evaluating Quality of Financial Reports,M&A Issues and Divergence from Economic Reality
3,Financial Statement Analysis,5,Evaluating Quality of Financial Reports,General Steps of Evaluation
3,Financial Statement Analysis,5,Evaluating Quality of Financial Reports,Quantitative Tools to Assess the Likelihood of Misreporting
3,Financial Statement Analysis,5,Evaluating Quality of Financial Reports,Earnings Quality Indicators
3,Financial Statement Analysis,5,Evaluating Quality of Financial Reports,Earnings Persistence and Related Measures of Accruals
3,Financial Statement Analysis,5,Evaluating Quality of Financial Reports,Mean Reversion in Earnings
3,Financial Statement Analysis,5,Evaluating Quality of Financial Reports,Revenue Recognition Case: Sunbeam Corporation
3,Financial Statement Analysis,5,Evaluating Quality of Financial Reports,"Revenue Recognition Case: MicroStrategy, Inc"
3,Financial Statement Analysis,5,Evaluating Quality of Financial Reports,Cost Capitalization Case: WorldCom Corp.
3,Financial Statement Analysis,5,Evaluating Quality of Financial Reports,Bankruptcy Prediction Models
3,Financial Statement Analysis,5,Evaluating Quality of Financial Reports,Cash Flow Quality
3,Financial Statement Analysis,5,Evaluating Quality of Financial Reports,Balance Sheet Quality
3,Financial Statement Analysis,5,Evaluating Quality of Financial Reports,Sources of Information about Risk
3,Financial Statement Analysis,5,Evaluating Quality of Financial Reports,Risk-Related Disclosures in the Notes
3,Financial Statement Analysis,5,Evaluating Quality of Financial Reports,"Management Commentary, Other Required Disclosures, and the Financial Press"
3,Financial Statement Analysis,5,Evaluating Quality of Financial Reports,Summary
3,Financial Statement Analysis,5,Evaluating Quality of Financial Reports,Review and Assess
3,Financial Statement Analysis,6,Integration of Financial Statement Analysis Techniques,Introduction
3,Financial Statement Analysis,6,Integration of Financial Statement Analysis Techniques,Case Study 1
3,Financial Statement Analysis,6,Integration of Financial Statement Analysis Techniques,Phases 3 and 4: DuPont Analysis
3,Financial Statement Analysis,6,Integration of Financial Statement Analysis Techniques,Phases 3 and 4: DuPont Decomposition
3,Financial Statement Analysis,6,Integration of Financial Statement Analysis Techniques,Phases 3 and 4: Adjusting for Unusual Charges
3,Financial Statement Analysis,6,Integration of Financial Statement Analysis Techniques,Phases 3 and 4: Asset Base Composition
3,Financial Statement Analysis,6,Integration of Financial Statement Analysis Techniques,Phases 3 and 4: Capital Structure Analysis
3,Financial Statement Analysis,6,Integration of Financial Statement Analysis Techniques,Phases 3 and 4: Earnings and Capital
3,Financial Statement Analysis,6,Integration of Financial Statement Analysis Techniques,Phases 3 and 4: Cash Flow and Capital
3,Financial Statement Analysis,6,Integration of Financial Statement Analysis Techniques,Phases 3 & 4: Segment Analysis by Product Group
3,Financial Statement Analysis,6,Integration of Financial Statement Analysis Techniques,Phases 3 & 4: Accruals and Earnings Quality
3,Financial Statement Analysis,6,Integration of Financial Statement Analysis Techniques,Phases 3 & 4: Cash Flow Relationships
3,Financial Statement Analysis,6,Integration of Financial Statement Analysis Techniques,Phases 3 & 4: Decomposition and Analysis of the Company's Valuation
3,Financial Statement Analysis,6,Integration of Financial Statement Analysis Techniques,Phases 5 and 6: Conclusions and Follow-up
3,Financial Statement Analysis,6,Integration of Financial Statement Analysis Techniques,Summary
3,Financial Statement Analysis,6,Integration of Financial Statement Analysis Techniques,Review and Assess
4,Corporate Issuers,1,Analysis of Dividends and Share Repurchases,Dividends: Forms and Effects on Shareholder Wealth and Financial Ratios
4,Corporate Issuers,1,Analysis of Dividends and Share Repurchases,Dividend Policy and Company Value: Theories
4,Corporate Issuers,1,Analysis of Dividends and Share Repurchases,Other Theoretical Issues: Signaling
4,Corporate Issuers,1,Analysis of Dividends and Share Repurchases,Other Theoretical Issues: Summary
4,Corporate Issuers,1,Analysis of Dividends and Share Repurchases,Factors Affecting Dividend Policy in Practice
4,Corporate Issuers,1,Analysis of Dividends and Share Repurchases,Payout Policies
4,Corporate Issuers,1,Analysis of Dividends and Share Repurchases,Share Repurchases
4,Corporate Issuers,1,Analysis of Dividends and Share Repurchases,Valuation Equivalence of Cash Dividends and Share Repurchase
4,Corporate Issuers,1,Analysis of Dividends and Share Repurchases,The Dividend versus Share Repurchase Decision
4,Corporate Issuers,1,Analysis of Dividends and Share Repurchases,Analysis of Dividend Safety
4,Corporate Issuers,1,Analysis of Dividends and Share Repurchases,Summary
4,Corporate Issuers,1,Analysis of Dividends and Share Repurchases,Review and Assess
4,Corporate Issuers,2,"Environmental, Social, and Governance (ESG) Considerations in Investment Analysis",Introduction
4,Corporate Issuers,2,"Environmental, Social, and Governance (ESG) Considerations in Investment Analysis",Ownership Structures and Their Effects on Corporate Governance
4,Corporate Issuers,2,"Environmental, Social, and Governance (ESG) Considerations in Investment Analysis",Evaluating Corporate Governance Policies and Procedures
4,Corporate Issuers,2,"Environmental, Social, and Governance (ESG) Considerations in Investment Analysis",Identifying ESG-Related Risks and Opportunities
4,Corporate Issuers,2,"Environmental, Social, and Governance (ESG) Considerations in Investment Analysis",Evaluating ESG-Related Risks and Opportunities
4,Corporate Issuers,2,"Environmental, Social, and Governance (ESG) Considerations in Investment Analysis",Summary
4,Corporate Issuers,2,"Environmental, Social, and Governance (ESG) Considerations in Investment Analysis",Review and Assess
4,Corporate Issuers,3,Cost of Capital: Advanced Topics,Introduction
4,Corporate Issuers,3,Cost of Capital: Advanced Topics,Cost of Capital Factors
4,Corporate Issuers,3,Cost of Capital: Advanced Topics,Estimating the Cost of Debt
4,Corporate Issuers,3,Cost of Capital: Advanced Topics,The ERP
4,Corporate Issuers,3,Cost of Capital: Advanced Topics,The Cost of Equity (Required Return on Equity)
4,Corporate Issuers,3,Cost of Capital: Advanced Topics,Mini-Case 1
4,Corporate Issuers,3,Cost of Capital: Advanced Topics,Mini-Case 2
4,Corporate Issuers,3,Cost of Capital: Advanced Topics,Review and Assess
4,Corporate Issuers,4,Corporate Restructuring,Introduction
4,Corporate Issuers,4,Corporate Restructuring,"Corporate Evolution, Actions, and Motivations"
4,Corporate Issuers,4,Corporate Restructuring,Evaluating Corporate Restructurings
4,Corporate Issuers,4,Corporate Restructuring,Modeling and Valuation
4,Corporate Issuers,4,Corporate Restructuring,Evaluating Investment Actions
4,Corporate Issuers,4,Corporate Restructuring,Evaluating Divestment Actions
4,Corporate Issuers,4,Corporate Restructuring,Evaluating Restructuring Actions
4,Corporate Issuers,4,Corporate Restructuring,Summary
5,Equity Valuation,1,Equity Valuation: Applications and Processes,Introduction
5,Equity Valuation,1,Equity Valuation: Applications and Processes,Applications of Equity Valuation
5,Equity Valuation,1,Equity Valuation: Applications and Processes,Understanding the Business
5,Equity Valuation,1,Equity Valuation: Applications and Processes,Analysis of Financial Reports and Sources of Information
5,Equity Valuation,1,Equity Valuation: Applications and Processes,Considerations in Using Accounting Information
5,Equity Valuation,1,Equity Valuation: Applications and Processes,Selecting the Appropriate Valuation Method
5,Equity Valuation,1,Equity Valuation: Applications and Processes,Issues in Model Selection and Interpretation
5,Equity Valuation,1,Equity Valuation: Applications and Processes,The Analyst's Role and Responsibilities
5,Equity Valuation,1,Equity Valuation: Applications and Processes,Communicating Valuation Results
5,Equity Valuation,1,Equity Valuation: Applications and Processes,Summary
5,Equity Valuation,1,Equity Valuation: Applications and Processes,Review and Assess
5,Equity Valuation,2,Discounted Dividend Valuation,Introduction
5,Equity Valuation,2,Discounted Dividend Valuation,The Dividend Discount Model
5,Equity Valuation,2,Discounted Dividend Valuation,The Gordon Growth Model
5,Equity Valuation,2,Discounted Dividend Valuation,Share Repurchases and The Implied Dividend Growth Rate
5,Equity Valuation,2,Discounted Dividend Valuation,The Gordon Growth Model: Other Issues
5,Equity Valuation,2,Discounted Dividend Valuation,Multistage Dividend Discount Models
5,Equity Valuation,2,Discounted Dividend Valuation,The H-Model and Three-Stage Dividend Discount Models
5,Equity Valuation,2,Discounted Dividend Valuation,General Modeling and Estimating a Required Return Using Any DDM
5,Equity Valuation,2,Discounted Dividend Valuation,The Financial Determinants of Growth Rates
5,Equity Valuation,2,Discounted Dividend Valuation,Financial Models and Dividends
5,Equity Valuation,2,Discounted Dividend Valuation,Summary
5,Equity Valuation,2,Discounted Dividend Valuation,Review and Assess
5,Equity Valuation,3,Free Cash Flow Valuation,Introduction
5,Equity Valuation,3,Free Cash Flow Valuation,Forecasting Free Cash Flow and Computing FCFF from Net Income
5,Equity Valuation,3,Free Cash Flow Valuation,Computing FCFF from the Cash Flow Statement
5,Equity Valuation,3,Free Cash Flow Valuation,Additional Considerations in Computing FCFF
5,Equity Valuation,3,Free Cash Flow Valuation,Computing FCFE from FCFF
5,Equity Valuation,3,Free Cash Flow Valuation,Finding FCFF and FCFE from EBITA or EBITDA
5,Equity Valuation,3,Free Cash Flow Valuation,FCFF and FCFE on a Uses-of-Free-Cash-Flow Basis
5,Equity Valuation,3,Free Cash Flow Valuation,Forecasting FCFF and FCFE
5,Equity Valuation,3,Free Cash Flow Valuation,Other Issues in Free Cash Flow Analysis
5,Equity Valuation,3,Free Cash Flow Valuation,Free Cash Flow Model Variations
5,Equity Valuation,3,Free Cash Flow Valuation,Two-Stage Free Cash Flow Models
5,Equity Valuation,3,Free Cash Flow Valuation,Three-Stage Free Cash Flow Models
5,Equity Valuation,3,Free Cash Flow Valuation,Integrating ESG in Free Cash Flow Models
5,Equity Valuation,3,Free Cash Flow Valuation,Non-operating Assets and Firm Value
5,Equity Valuation,3,Free Cash Flow Valuation,Summary
5,Equity Valuation,3,Free Cash Flow Valuation,Review and Assess
5,Equity Valuation,4,Market-Based Valuation: Price and Enterprise Value Multiples,Introduction
5,Equity Valuation,4,Market-Based Valuation: Price and Enterprise Value Multiples,Price/Earnings: the Basics
5,Equity Valuation,4,Market-Based Valuation: Price and Enterprise Value Multiples,Price/Earnings: Valuation based on Forecasted Fundamentals
5,Equity Valuation,4,Market-Based Valuation: Price and Enterprise Value Multiples,Price/Earnings: Using the P/E in Valuation
5,Equity Valuation,4,Market-Based Valuation: Price and Enterprise Value Multiples,Price/Book Value
5,Equity Valuation,4,Market-Based Valuation: Price and Enterprise Value Multiples,Price/Sales
5,Equity Valuation,4,Market-Based Valuation: Price and Enterprise Value Multiples,Price/Cash Flow
5,Equity Valuation,4,Market-Based Valuation: Price and Enterprise Value Multiples,Price/Dividends and Dividend Yield
5,Equity Valuation,4,Market-Based Valuation: Price and Enterprise Value Multiples,Enterprise Value/EBITDA
5,Equity Valuation,4,Market-Based Valuation: Price and Enterprise Value Multiples,Other Enterprise Value Multiples
5,Equity Valuation,4,Market-Based Valuation: Price and Enterprise Value Multiples,International Considerations when Using Multiples
5,Equity Valuation,4,Market-Based Valuation: Price and Enterprise Value Multiples,Momentum Valuation Indicators
5,Equity Valuation,4,Market-Based Valuation: Price and Enterprise Value Multiples,Valuation Indicators: Issues in Practice
5,Equity Valuation,4,Market-Based Valuation: Price and Enterprise Value Multiples,Summary
5,Equity Valuation,4,Market-Based Valuation: Price and Enterprise Value Multiples,Review and Assess
5,Equity Valuation,5,Residual Income Valuation,Introduction
5,Equity Valuation,5,Residual Income Valuation,The Residual Income Model
5,Equity Valuation,5,Residual Income Valuation,Single-Stage and Multistage Residual Income Valuation
5,Equity Valuation,5,Residual Income Valuation,Relationship to Other Approaches
5,Equity Valuation,5,Residual Income Valuation,Accounting and International Considerations
5,Equity Valuation,5,Residual Income Valuation,Accounting Considerations: Other
5,Equity Valuation,5,Residual Income Valuation,Summary
5,Equity Valuation,5,Residual Income Valuation,Review and Assess
5,Equity Valuation,6,Private Company Valuation,Introduction
5,Equity Valuation,6,Private Company Valuation,Public vs. Private Company Valuation
5,Equity Valuation,6,Private Company Valuation,Private Company Valuation Uses and Areas of Focus
5,Equity Valuation,6,Private Company Valuation,Earnings Normalization and Cash Flow Estimation
5,Equity Valuation,6,Private Company Valuation,Private Company Discount Rates and Required Rates of Return
5,Equity Valuation,6,Private Company Valuation,Valuation Discounts and Premiums
5,Equity Valuation,6,Private Company Valuation,Private Company Valuation Approaches
5,Equity Valuation,6,Private Company Valuation,Private Company Valuation: Income-Based Approach
5,Equity Valuation,6,Private Company Valuation,Private Company Valuation: Market-Based Approach
6,Fixed Income,1,The Term Structure and Interest Rate Dynamics,"Spot Rates, Forward Rates, and the Forward Rate Model"
6,Fixed Income,1,The Term Structure and Interest Rate Dynamics,YTM in Relation to Spot and Forward Rates
6,Fixed Income,1,The Term Structure and Interest Rate Dynamics,Active Bond Portfolio Management
6,Fixed Income,1,The Term Structure and Interest Rate Dynamics,The Swap Rate Curve
6,Fixed Income,1,The Term Structure and Interest Rate Dynamics,The Swap Spread and Spreads as a Price Quotation Convention
6,Fixed Income,1,The Term Structure and Interest Rate Dynamics,Traditional Theories of the Term Structure of Interest Rates
6,Fixed Income,1,The Term Structure and Interest Rate Dynamics,Yield Curve Factor Models
6,Fixed Income,1,The Term Structure and Interest Rate Dynamics,The Maturity Structure of Yield Curve Volatilities
6,Fixed Income,1,The Term Structure and Interest Rate Dynamics,Developing Interest Rate Views Using Macroeconomic Variables
6,Fixed Income,1,The Term Structure and Interest Rate Dynamics,Summary
6,Fixed Income,1,The Term Structure and Interest Rate Dynamics,Review and Assess
6,Fixed Income,2,The Arbitrage-Free Valuation Framework,Introduction
6,Fixed Income,2,The Arbitrage-Free Valuation Framework,Arbitrage-Free Valuation for an Option-Free Bond
6,Fixed Income,2,The Arbitrage-Free Valuation Framework,Creating a Binomial Interest Rate Tree
6,Fixed Income,2,The Arbitrage-Free Valuation Framework,Calibrating the Binomial Interest Rate Tree to the Term Structure
6,Fixed Income,2,The Arbitrage-Free Valuation Framework,Valuing an Option-Free Bond with a Binomial Tree
6,Fixed Income,2,The Arbitrage-Free Valuation Framework,Valuing an Option-Free Bond with Pathwise Valuation
6,Fixed Income,2,The Arbitrage-Free Valuation Framework,The Monte Carlo Method
6,Fixed Income,2,The Arbitrage-Free Valuation Framework,Term Structure Models
6,Fixed Income,2,The Arbitrage-Free Valuation Framework,Summary
6,Fixed Income,2,The Arbitrage-Free Valuation Framework,Review and Assess
6,Fixed Income,3,Valuation and Analysis of Bonds with Embedded Options,Introduction
6,Fixed Income,3,Valuation and Analysis of Bonds with Embedded Options,Callable and Putable Bonds
6,Fixed Income,3,Valuation and Analysis of Bonds with Embedded Options,Effect of Interest Rate Volatility
6,Fixed Income,3,Valuation and Analysis of Bonds with Embedded Options,Valuation of Default-Free Callable and Putable Bonds with Interest Rate Volatility
6,Fixed Income,3,Valuation and Analysis of Bonds with Embedded Options,Valuation of Risky Callable and Putable Bonds
6,Fixed Income,3,Valuation and Analysis of Bonds with Embedded Options,Bonds with Embedded Options: Effective Duration
6,Fixed Income,3,Valuation and Analysis of Bonds with Embedded Options,One-Sided and Key Rate Duration
6,Fixed Income,3,Valuation and Analysis of Bonds with Embedded Options,Effective Convexity
6,Fixed Income,3,Valuation and Analysis of Bonds with Embedded Options,Capped and Floored Floating-Rate Bonds
6,Fixed Income,3,Valuation and Analysis of Bonds with Embedded Options,Convertible Bonds
6,Fixed Income,3,Valuation and Analysis of Bonds with Embedded Options,Comparison of Risk–Return Characteristics
6,Fixed Income,3,Valuation and Analysis of Bonds with Embedded Options,Summary
6,Fixed Income,3,Valuation and Analysis of Bonds with Embedded Options,Review and Assess
6,Fixed Income,4,Credit Analysis Models,Introduction
6,Fixed Income,4,Credit Analysis Models,Modeling Credit Risk and the Credit Valuation Adjustment
6,Fixed Income,4,Credit Analysis Models,Credit Scores and Credit Ratings
6,Fixed Income,4,Credit Analysis Models,Structural and Reduced-Form Credit Models
6,Fixed Income,4,Credit Analysis Models,Valuing Risky Bonds in an Arbitrage-Free Framework
6,Fixed Income,4,Credit Analysis Models,Interpreting Changes in Credit Spreads
6,Fixed Income,4,Credit Analysis Models,The Term Structure of Credit Spreads
6,Fixed Income,4,Credit Analysis Models,Credit Analysis for Securitized Debt
6,Fixed Income,4,Credit Analysis Models,Summary
6,Fixed Income,4,Credit Analysis Models,Review and Assess
6,Fixed Income,5,Credit Default Swaps,Introduction
6,Fixed Income,5,Credit Default Swaps,Basic Definitions and Concepts
6,Fixed Income,5,Credit Default Swaps,Important Features of CDS Markets
6,Fixed Income,5,Credit Default Swaps,Basics of Valuation and Pricing
6,Fixed Income,5,Credit Default Swaps,Applications of CDS
6,Fixed Income,5,Credit Default Swaps,Valuation Differences and Basis Trading
6,Fixed Income,5,Credit Default Swaps,Summary
6,Fixed Income,5,Credit Default Swaps,Review and Assess
7,Derivatives,1,Pricing and Valuation of Forward Commitments,Introduction
7,Derivatives,1,Pricing and Valuation of Forward Commitments,Carry Arbitrage
7,Derivatives,1,Pricing and Valuation of Forward Commitments,Pricing Equity Forwards and Futures
7,Derivatives,1,Pricing and Valuation of Forward Commitments,Pricing Fixed-Income Forward and Futures Contracts
7,Derivatives,1,Pricing and Valuation of Forward Commitments,Pricing and Valuing Swap Contracts
7,Derivatives,1,Pricing and Valuation of Forward Commitments,Pricing and Valuing Currency Swap Contracts
7,Derivatives,1,Pricing and Valuation of Forward Commitments,Pricing and Valuing Equity Swap Contracts
7,Derivatives,1,Pricing and Valuation of Forward Commitments,Summary
7,Derivatives,1,Pricing and Valuation of Forward Commitments,Review and Assess
7,Derivatives,2,Valuation of Contingent Claims,Introduction
7,Derivatives,2,Valuation of Contingent Claims,Binomial Option Valuation Model
7,Derivatives,2,Valuation of Contingent Claims,One-Period Binomial Model
7,Derivatives,2,Valuation of Contingent Claims,Two-Period Binomial Model: Call Options
7,Derivatives,2,Valuation of Contingent Claims,Two-Period Binomial Model: Put Options
7,Derivatives,2,Valuation of Contingent Claims,Two-Period Binomial Model: Role of Dividends
7,Derivatives,2,Valuation of Contingent Claims,Interest Rate Options and Multiperiod Model
7,Derivatives,2,Valuation of Contingent Claims,Black-Scholes-Merton (BSM) Option Valuation Model
7,Derivatives,2,Valuation of Contingent Claims,BSM Model: Components
7,Derivatives,2,Valuation of Contingent Claims,BSM Model: Carry Benefits and Applications
7,Derivatives,2,Valuation of Contingent Claims,Black Option Valuation Model and European Options on Futures
7,Derivatives,2,Valuation of Contingent Claims,Interest Rate Options
7,Derivatives,2,Valuation of Contingent Claims,Swaptions
7,Derivatives,2,Valuation of Contingent Claims,Option Greeks and Implied Volatility: Delta
7,Derivatives,2,Valuation of Contingent Claims,Gamma
7,Derivatives,2,Valuation of Contingent Claims,Theta
7,Derivatives,2,Valuation of Contingent Claims,Vega
7,Derivatives,2,Valuation of Contingent Claims,Rho
7,Derivatives,2,Valuation of Contingent Claims,Implied Volatility
7,Derivatives,2,Valuation of Contingent Claims,Summary
7,Derivatives,2,Valuation of Contingent Claims,Review and Assess
8,Alternative Investments,1,Introduction to Commodities and Commodity Derivatives,Introduction
8,Alternative Investments,1,Introduction to Commodities and Commodity Derivatives,Commodity Sectors
8,Alternative Investments,1,Introduction to Commodities and Commodity Derivatives,Life Cycle of Commodities
8,Alternative Investments,1,Introduction to Commodities and Commodity Derivatives,Valuation of Commodities
8,Alternative Investments,1,Introduction to Commodities and Commodity Derivatives,Commodities Futures Markets: Participants
8,Alternative Investments,1,Introduction to Commodities and Commodity Derivatives,Commodity Spot and Futures Pricing
8,Alternative Investments,1,Introduction to Commodities and Commodity Derivatives,Theories of Futures Returns
8,Alternative Investments,1,Introduction to Commodities and Commodity Derivatives,Components of Futures Returns
8,Alternative Investments,1,Introduction to Commodities and Commodity Derivatives,"Contango, Backwardation, and the Roll Return"
8,Alternative Investments,1,Introduction to Commodities and Commodity Derivatives,Commodity Swaps
8,Alternative Investments,1,Introduction to Commodities and Commodity Derivatives,Commodity Indexes
8,Alternative Investments,1,Introduction to Commodities and Commodity Derivatives,Summary
8,Alternative Investments,1,Introduction to Commodities and Commodity Derivatives,Review and Assess
8,Alternative Investments,2,Overview of Types of Real Estate Investment,Introduction
8,Alternative Investments,2,Overview of Types of Real Estate Investment,Real Estate Investment Features
8,Alternative Investments,2,Overview of Types of Real Estate Investment,Economic Value Drivers and Portfolio Characteristics of Real Estate Investments
8,Alternative Investments,2,Overview of Types of Real Estate Investment,Commercial Property Investment Characteristics
8,Alternative Investments,2,Overview of Types of Real Estate Investment,Real Estate Due Diligence and Valuation Approaches
8,Alternative Investments,2,Overview of Types of Real Estate Investment,Real Estate Indexes
8,Alternative Investments,2,Overview of Types of Real Estate Investment,Review and Assess
8,Alternative Investments,3,Investments in Real Estate through Publicly Traded Securities,Introduction
8,Alternative Investments,3,Investments in Real Estate through Publicly Traded Securities,Types of Publicly Traded Real Estate Securities
8,Alternative Investments,3,Investments in Real Estate through Publicly Traded Securities,Valuation: Net Asset Value Approach
8,Alternative Investments,3,Investments in Real Estate through Publicly Traded Securities,Valuation: Relative Value (Price Multiple) Approach
8,Alternative Investments,3,Investments in Real Estate through Publicly Traded Securities,REIT Mini Case Study: Example of Disclosures and Valuation Analysis
8,Alternative Investments,3,Investments in Real Estate through Publicly Traded Securities,Private vs. Public: A Comparison
8,Alternative Investments,3,Investments in Real Estate through Publicly Traded Securities,Review and Assess
8,Alternative Investments,4,Hedge Fund Strategies,Introduction and Classification of Hedge Fund Strategies
8,Alternative Investments,4,Hedge Fund Strategies,Equity Strategies: Long/Short Equity
8,Alternative Investments,4,Hedge Fund Strategies,Equity Strategies: Dedicated Short Selling and Short-Biased
8,Alternative Investments,4,Hedge Fund Strategies,Equity Strategies: Equity Market Neutral
8,Alternative Investments,4,Hedge Fund Strategies,Event-Driven Strategies: Merger Arbitrage
8,Alternative Investments,4,Hedge Fund Strategies,Event-Driven Strategies: Distressed Securities
8,Alternative Investments,4,Hedge Fund Strategies,Relative Value Strategies: Fixed-Income Arbitrage
8,Alternative Investments,4,Hedge Fund Strategies,Relative Value Strategies: Convertible Bond Arbitrage
8,Alternative Investments,4,Hedge Fund Strategies,Opportunistic Strategies: Global Macro Strategies
8,Alternative Investments,4,Hedge Fund Strategies,Opportunistic Strategies: Managed Futures
8,Alternative Investments,4,Hedge Fund Strategies,Specialist Strategies
8,Alternative Investments,4,Hedge Fund Strategies,Multi-Manager Strategies
8,Alternative Investments,4,Hedge Fund Strategies,Analysis of Hedge Fund Strategies Using a Conditional Factor Risk Model
8,Alternative Investments,4,Hedge Fund Strategies,Evaluating Equity Hedge Fund Strategies: Application
8,Alternative Investments,4,Hedge Fund Strategies,Evaluating Multi-Manager Hedge Fund Strategies: Application
8,Alternative Investments,4,Hedge Fund Strategies,Portfolio Contribution of Hedge Fund Strategies
8,Alternative Investments,4,Hedge Fund Strategies,Summary
8,Alternative Investments,4,Hedge Fund Strategies,Review and Assess
9,Portfolio Management,1,Economics and Investment Markets,Introduction
9,Portfolio Management,1,Economics and Investment Markets,The Present Value Model
9,Portfolio Management,1,Economics and Investment Markets,Expectations and Asset Values
9,Portfolio Management,1,Economics and Investment Markets,The Discount Rate on Real Default-Free Bonds: Interest Rates
9,Portfolio Management,1,Economics and Investment Markets,The Discount Rate on Real Default-Free Bonds: Uncertainty and Risk Premiums
9,Portfolio Management,1,Economics and Investment Markets,The Discount Rate on Real Default-Free Bonds: Risk Premiums on Risky Assets
9,Portfolio Management,1,Economics and Investment Markets,Default-Free Interest Rates and Economic Growth
9,Portfolio Management,1,Economics and Investment Markets,Real Default-Free Interest Rates and the Business Cycle
9,Portfolio Management,1,Economics and Investment Markets,The Yield Curve and the Business Cycle
9,Portfolio Management,1,Economics and Investment Markets,Treasury Bills and the Business Cycle
9,Portfolio Management,1,Economics and Investment Markets,Conventional Government Bonds and Break-even Inflation Rates
9,Portfolio Management,1,Economics and Investment Markets,The Default-Free Yield Curve and the Business Cycle
9,Portfolio Management,1,Economics and Investment Markets,The Slope of the Yield Curve and the Term Spread
9,Portfolio Management,1,Economics and Investment Markets,Evidence on Risk Premiums for Default-Free Bonds
9,Portfolio Management,1,Economics and Investment Markets,Other Factors
9,Portfolio Management,1,Economics and Investment Markets,Credit Premiums and the Business Cycle
9,Portfolio Management,1,Economics and Investment Markets,Industry- and Company-Specific Credit Quality
9,Portfolio Management,1,Economics and Investment Markets,Sovereign Credit Risk
9,Portfolio Management,1,Economics and Investment Markets,Equities and the Equity Risk Premium
9,Portfolio Management,1,Economics and Investment Markets,Earnings Growth and the Economic Cycle
9,Portfolio Management,1,Economics and Investment Markets,How Big is the Equity Risk Premium?
9,Portfolio Management,1,Economics and Investment Markets,Valuation Multiples
9,Portfolio Management,1,Economics and Investment Markets,Commercial Real Estate
9,Portfolio Management,1,Economics and Investment Markets,Commercial Real Estate and the Business Cycle
9,Portfolio Management,1,Economics and Investment Markets,Summary
9,Portfolio Management,1,Economics and Investment Markets,Review and Assess
9,Portfolio Management,2,Analysis of Active Portfolio Management,Introduction
9,Portfolio Management,2,Analysis of Active Portfolio Management,Active Management and Value Added
9,Portfolio Management,2,Analysis of Active Portfolio Management,The Sharpe Ratio and The Information Ratio
9,Portfolio Management,2,Analysis of Active Portfolio Management,Constructing Optimal Portfolios
9,Portfolio Management,2,Analysis of Active Portfolio Management,Active Security Returns and The Fundamental Law of Active Management
9,Portfolio Management,2,Analysis of Active Portfolio Management,The Full Fundamental Law
9,Portfolio Management,2,Analysis of Active Portfolio Management,Applications of the Fundamental Law and Global Equity Strategy
9,Portfolio Management,2,Analysis of Active Portfolio Management,Fixed-Income Strategies
9,Portfolio Management,2,Analysis of Active Portfolio Management,Practical Limitations
9,Portfolio Management,2,Analysis of Active Portfolio Management,Summary
9,Portfolio Management,2,Analysis of Active Portfolio Management,Review and Assess
9,Portfolio Management,3,Exchange-Traded Funds: Mechanics and Applications,Introduction
9,Portfolio Management,3,Exchange-Traded Funds: Mechanics and Applications,ETF Mechanics
9,Portfolio Management,3,Exchange-Traded Funds: Mechanics and Applications,Understanding ETFs
9,Portfolio Management,3,Exchange-Traded Funds: Mechanics and Applications,ETF Risks
9,Portfolio Management,3,Exchange-Traded Funds: Mechanics and Applications,ETFs in Portfolio Management
9,Portfolio Management,3,Exchange-Traded Funds: Mechanics and Applications,Summary
9,Portfolio Management,3,Exchange-Traded Funds: Mechanics and Applications,Review and Assess
9,Portfolio Management,4,Using Multifactor Models,Background and Uses
9,Portfolio Management,4,Using Multifactor Models,Arbitrage Pricing Theory and Multifactor Models
9,Portfolio Management,4,Using Multifactor Models,Types of Multifactor Models
9,Portfolio Management,4,Using Multifactor Models,Macroeconomic Factor Models
9,Portfolio Management,4,Using Multifactor Models,Fundamental Factor Models
9,Portfolio Management,4,Using Multifactor Models,Factor Models in Return Attribution
9,Portfolio Management,4,Using Multifactor Models,Factor Models in Risk Attribution
9,Portfolio Management,4,Using Multifactor Models,Factor Models in Portfolio Construction
9,Portfolio Management,4,Using Multifactor Models,Factor Models in Strategic Portfolio Decisions
9,Portfolio Management,4,Using Multifactor Models,Summary
9,Portfolio Management,4,Using Multifactor Models,Review and Assess
9,Portfolio Management,5,Measuring and Managing Market Risk,Introduction
9,Portfolio Management,5,Measuring and Managing Market Risk,Estimating VaR
9,Portfolio Management,5,Measuring and Managing Market Risk,The Parametric Method of VaR Estimation
9,Portfolio Management,5,Measuring and Managing Market Risk,The Historical Simulation Method of VaR Estimation
9,Portfolio Management,5,Measuring and Managing Market Risk,The Monte Carlo Simulation Method of VaR Estimation
9,Portfolio Management,5,Measuring and Managing Market Risk,"Advantages, Limitations, and Extensions of VaR"
9,Portfolio Management,5,Measuring and Managing Market Risk,Other Key Risk Measures
9,Portfolio Management,5,Measuring and Managing Market Risk,Scenario Risk Measures
9,Portfolio Management,5,Measuring and Managing Market Risk,Sensitivity and Scenario Risk Measures and VaR
9,Portfolio Management,5,Measuring and Managing Market Risk,Using Constraints in Market Risk Management
9,Portfolio Management,5,Measuring and Managing Market Risk,Market Participants and the Risk Measures They Use
9,Portfolio Management,5,Measuring and Managing Market Risk,Pension Funds and Insurers
9,Portfolio Management,5,Measuring and Managing Market Risk,Summary
9,Portfolio Management,5,Measuring and Managing Market Risk,Review and Assess
9,Portfolio Management,6,Backtesting and Simulation,Introduction
9,Portfolio Management,6,Backtesting and Simulation,The Objectives of Backtesting
9,Portfolio Management,6,Backtesting and Simulation,The Backtesting Process
9,Portfolio Management,6,Backtesting and Simulation,Backtesting Multifactor Models
9,Portfolio Management,6,Backtesting and Simulation,Common Problems in Backtesting
9,Portfolio Management,6,Backtesting and Simulation,Historical Scenario Analysis
9,Portfolio Management,6,Backtesting and Simulation,Simulation Analysis
9,Portfolio Management,6,Backtesting and Simulation,Sensitivity Analysis
9,Portfolio Management,6,Backtesting and Simulation,Summary
9,Portfolio Management,6,Backtesting and Simulation,Review and Assess
10,Ethical and Professional Standards,1,Code of Ethics and Standards of Professional Conduct,Preface
10,Ethical and Professional Standards,1,Code of Ethics and Standards of Professional Conduct,Ethics and the Investment Industry
10,Ethical and Professional Standards,1,Code of Ethics and Standards of Professional Conduct,CFA Institute Code of Ethics and Standards of Professional Conduct
10,Ethical and Professional Standards,1,Code of Ethics and Standards of Professional Conduct,Review and Assess
10,Ethical and Professional Standards,2,Guidance for Standards I–VII,Standard I: Professionalism
10,Ethical and Professional Standards,2,Guidance for Standards I–VII,Standard I(A): Recommended Procedures
10,Ethical and Professional Standards,2,Guidance for Standards I–VII,Standard I(A): Application of the Standard
10,Ethical and Professional Standards,2,Guidance for Standards I–VII,Standard I(B) Independence and Objectivity
10,Ethical and Professional Standards,2,Guidance for Standards I–VII,Standard I(B): Recommended Procedures
10,Ethical and Professional Standards,2,Guidance for Standards I–VII,Standard I(B): Application of the Standard
10,Ethical and Professional Standards,2,Guidance for Standards I–VII,Standard I(C) Misrepresentation
10,Ethical and Professional Standards,2,Guidance for Standards I–VII,Standard I(C): Recommended Procedures
10,Ethical and Professional Standards,2,Guidance for Standards I–VII,Standard I(C): Application of the Standard
10,Ethical and Professional Standards,2,Guidance for Standards I–VII,Standard I(D) Misconduct
10,Ethical and Professional Standards,2,Guidance for Standards I–VII,Standard I(D): Recommended Procedures
10,Ethical and Professional Standards,2,Guidance for Standards I–VII,Standard I(D): Application of the Standard
10,Ethical and Professional Standards,2,Guidance for Standards I–VII,Standard I(E) Competence
10,Ethical and Professional Standards,2,Guidance for Standards I–VII,Standard I(E): Recommended Procedures
10,Ethical and Professional Standards,2,Guidance for Standards I–VII,Standard I(E): Application of the Standard
10,Ethical and Professional Standards,2,Guidance for Standards I–VII,Standard II: Integrity of Capital Markets
10,Ethical and Professional Standards,2,Guidance for Standards I–VII,Standard II(A): Recommended Procedures
10,Ethical and Professional Standards,2,Guidance for Standards I–VII,Standard II(A): Application of the Standard
10,Ethical and Professional Standards,2,Guidance for Standards I–VII,Standard II(B) Market Manipulation
10,Ethical and Professional Standards,2,Guidance for Standards I–VII,Standard II(B): Application of the Standard
10,Ethical and Professional Standards,2,Guidance for Standards I–VII,Standard III: Duties to Clients
10,Ethical and Professional Standards,2,Guidance for Standards I–VII,Standard III(A): Recommended Procedures
10,Ethical and Professional Standards,2,Guidance for Standards I–VII,Standard III(A): Application of the Standard
10,Ethical and Professional Standards,2,Guidance for Standards I–VII,Standard III(B) Fair Dealing
10,Ethical and Professional Standards,2,Guidance for Standards I–VII,Standard III(B): Recommended Procedures
10,Ethical and Professional Standards,2,Guidance for Standards I–VII,Standard III(B): Application of the Standard
10,Ethical and Professional Standards,2,Guidance for Standards I–VII,Standard III(C) Suitability
10,Ethical and Professional Standards,2,Guidance for Standards I–VII,Standard III(C): Recommended Procedures
10,Ethical and Professional Standards,2,Guidance for Standards I–VII,Standard III(C): Application of the Standard
10,Ethical and Professional Standards,2,Guidance for Standards I–VII,Standard III(D) Performance Presentation
10,Ethical and Professional Standards,2,Guidance for Standards I–VII,Standard III(D): Recommended Procedures
10,Ethical and Professional Standards,2,Guidance for Standards I–VII,Standard III(D): Application of the Standard
10,Ethical and Professional Standards,2,Guidance for Standards I–VII,Standard III(E) Preservation of Confidentiality
10,Ethical and Professional Standards,2,Guidance for Standards I–VII,Standard III(E): Recommended Procedures
10,Ethical and Professional Standards,2,Guidance for Standards I–VII,Standard III(E): Application of the Standard
10,Ethical and Professional Standards,2,Guidance for Standards I–VII,Standard IV: Duties to Employers
10,Ethical and Professional Standards,2,Guidance for Standards I–VII,Standard IV(A): Recommended Procedures
10,Ethical and Professional Standards,2,Guidance for Standards I–VII,Standard IV(A): Application of the Standard
10,Ethical and Professional Standards,2,Guidance for Standards I–VII,Standard IV(B) Additional Compensation Arrangements
10,Ethical and Professional Standards,2,Guidance for Standards I–VII,Standard IV(B): Recommended Procedures
10,Ethical and Professional Standards,2,Guidance for Standards I–VII,Standard IV(B): Application of the Standard
10,Ethical and Professional Standards,2,Guidance for Standards I–VII,Standard IV(C) Responsibilities of Supervisors
10,Ethical and Professional Standards,2,Guidance for Standards I–VII,Standard IV(C): Recommended Procedures
10,Ethical and Professional Standards,2,Guidance for Standards I–VII,Standard IV(C): Application of the Standard
10,Ethical and Professional Standards,2,Guidance for Standards I–VII,"Standard V: Investment Analysis, Recommendations, and Actions"
10,Ethical and Professional Standards,2,Guidance for Standards I–VII,Standard V(A): Recommended Procedures
10,Ethical and Professional Standards,2,Guidance for Standards I–VII,Standard V(A): Application of the Standard
10,Ethical and Professional Standards,2,Guidance for Standards I–VII,Standard V(B) Communication with Clients and Prospective Clients
10,Ethical and Professional Standards,2,Guidance for Standards I–VII,Standard V(B): Recommended Procedures
10,Ethical and Professional Standards,2,Guidance for Standards I–VII,Standard V(B): Application of the Standard
10,Ethical and Professional Standards,2,Guidance for Standards I–VII,Standard V(C) Record Retention
10,Ethical and Professional Standards,2,Guidance for Standards I–VII,Standard V(C): Recommended Procedures
10,Ethical and Professional Standards,2,Guidance for Standards I–VII,Standard V(C): Application of the Standard
10,Ethical and Professional Standards,2,Guidance for Standards I–VII,Standard VI: Conflicts of Interest
10,Ethical and Professional Standards,2,Guidance for Standards I–VII,Standard VI(A): Application of the Standard
10,Ethical and Professional Standards,2,Guidance for Standards I–VII,Standard VI(B) Priority of Transactions
10,Ethical and Professional Standards,2,Guidance for Standards I–VII,Standard VI(B): Recommended Procedures
10,Ethical and Professional Standards,2,Guidance for Standards I–VII,Standard VI(B): Application of the Standard
10,Ethical and Professional Standards,2,Guidance for Standards I–VII,Standard VI(C) Referral Fees
10,Ethical and Professional Standards,2,Guidance for Standards I–VII,Standard VI(C): Recommended Procedures
10,Ethical and Professional Standards,2,Guidance for Standards I–VII,Standard VI(C): Application of the Standard
10,Ethical and Professional Standards,2,Guidance for Standards I–VII,Standard VII: Responsibilities as a CFA Institute Member or CFA Candidate
10,Ethical and Professional Standards,2,Guidance for Standards I–VII,Standard VII(A): Application of the Standard
10,Ethical and Professional Standards,2,Guidance for Standards I–VII,"Standard VII(B) Reference to CFA Institute, the CFA Designation, and the CFA Program"
10,Ethical and Professional Standards,2,Guidance for Standards I–VII,Standard VII(B): Recommended Procedures
10,Ethical and Professional Standards,2,Guidance for Standards I–VII,Standard VII(B): Application of the Standard
10,Ethical and Professional Standards,2,Guidance for Standards I–VII,Review and Assess
10,Ethical and Professional Standards,2,Guidance for Standards I–VII,Real-World Applications: Bloomberg’s People Profiles
10,Ethical and Professional Standards,3,Application of the Code and Standards: Level II,Introduction
10,Ethical and Professional Standards,3,Application of the Code and Standards: Level II,Serengeti Advisory Services
10,Ethical and Professional Standards,3,Application of the Code and Standards: Level II,Banco Libertad
10,Ethical and Professional Standards,3,Application of the Code and Standards: Level II,QuantHouse
10,Ethical and Professional Standards,3,Application of the Code and Standards: Level II,"Jacobs, Riccio, and Associates"
10,Ethical and Professional Standards,3,Application of the Code and Standards: Level II,Magadi Asset Management
10,Ethical and Professional Standards,3,Application of the Code and Standards: Level II,Syyark
10,Ethical and Professional Standards,3,Application of the Code and Standards: Level II,Agarway
10,Ethical and Professional Standards,3,Application of the Code and Standards: Level II,Review and Assess
